carrier,month,on_time_pct,avg_transit_days,damage_rate_pct,cost_per_kg,total_shipments,total_weight_kg,avg_cost_per_shipment,complaints
V001_CARRIER,2022-01,83.2,11.1,2.31,1.124,930,264691.0,367.78,5
V001_CARRIER,2022-02,93.3,6.9,1.86,0.908,4939,492581.5,291.74,21
V001_CARRIER,2022-03,76.6,3.7,3.44,1.394,1071,336227.8,443.91,21
V001_CARRIER,2022-04,78.1,13.6,0.39,0.619,3066,114204.0,68.94,49
V001_CARRIER,2022-05,78.6,1.4,3.32,0.072,3624,494931.9,166.05,29
V001_CARRIER,2022-06,85.9,4.2,1.32,1.976,3027,259130.1,270.84,27
V001_CARRIER,2022-07,86.1,8.7,0.73,1.494,4119,317419.8,34.1,25
V001_CARRIER,2022-08,97.2,2.5,2.36,2.474,2174,392080.7,384.13,27
V001_CARRIER,2022-09,88.4,4.8,3.32,0.911,3792,61115.3,27.27,0
V001_CARRIER,2022-10,72.5,1.2,3.0,1.031,156,320194.7,433.02,27
V001_CARRIER,2022-11,95.4,11.7,0.18,0.922,185,142520.2,76.05,8
V001_CARRIER,2022-12,78.9,13.0,0.36,1.99,2938,298405.5,188.84,37
V001_CARRIER,2023-01,85.5,8.3,1.38,0.616,4370,494408.8,429.38,38
V001_CARRIER,2023-02,78.4,7.6,0.98,1.271,2197,491922.9,159.99,28
V001_CARRIER,2023-03,84.4,12.5,2.64,0.581,2407,311491.6,102.01,29
V001_CARRIER,2023-04,79.4,5.1,0.65,1.025,2688,53969.7,497.15,47
V001_CARRIER,2023-05,94.5,1.3,0.27,1.209,2105,56993.5,245.85,37
V001_CARRIER,2023-06,72.3,7.1,3.44,1.223,1749,408762.0,342.43,6
V001_CARRIER,2023-07,96.1,8.5,2.18,1.208,2432,333484.3,306.73,0
V001_CARRIER,2023-08,74.4,1.6,2.57,1.318,2074,293978.9,357.77,6
V001_CARRIER,2023-09,81.0,8.4,3.47,1.181,455,353878.4,55.85,12
V001_CARRIER,2023-10,76.7,1.5,1.07,1.184,4025,15753.3,347.18,0
V001_CARRIER,2023-11,86.5,3.5,3.31,0.239,3560,398261.4,232.21,1
V001_CARRIER,2023-12,83.3,8.4,2.44,1.216,2894,381345.9,311.81,25
V001_CARRIER,2024-01,71.9,10.6,1.42,0.392,1422,321002.6,123.03,48
V001_CARRIER,2024-02,84.9,10.7,0.39,1.354,601,138163.5,283.14,48
V001_CARRIER,2024-03,75.7,9.7,0.55,0.845,3615,470564.1,424.56,33
V001_CARRIER,2024-04,91.4,8.4,0.73,1.002,2747,121387.6,68.39,30
V001_CARRIER,2024-05,81.3,5.2,2.35,1.617,4156,31276.9,462.06,25
V001_CARRIER,2024-06,97.0,13.1,1.61,1.082,1176,66851.6,497.85,22
V001_CARRIER,2024-07,80.3,11.0,0.24,2.038,1619,86905.4,163.94,12
V001_CARRIER,2024-08,76.8,13.7,2.39,1.825,2485,294394.3,444.95,1
V001_CARRIER,2024-09,88.0,5.0,2.55,2.203,3134,158339.5,271.41,25
V001_CARRIER,2024-10,88.3,5.9,1.26,1.018,4399,110214.7,435.3,20
V001_CARRIER,2024-11,91.1,5.7,3.2,1.743,3171,112148.8,290.63,37
V001_CARRIER,2024-12,88.5,9.5,2.51,1.224,599,65649.8,424.18,3
V002_CARRIER,2022-01,72.6,2.5,1.95,0.633,2355,131711.4,63.41,32
V002_CARRIER,2022-02,97.5,4.8,2.88,0.375,4979,181634.9,126.88,36
V002_CARRIER,2022-03,70.8,6.8,3.19,2.497,1944,397808.5,146.6,35
V002_CARRIER,2022-04,72.2,3.7,2.23,1.277,1801,481564.8,72.4,15
V002_CARRIER,2022-05,73.1,10.1,2.3,2.094,1236,116299.2,235.05,1
V002_CARRIER,2022-06,85.9,11.4,3.14,0.596,4823,475659.6,410.49,17
V002_CARRIER,2022-07,77.3,8.2,0.84,2.367,750,437763.6,103.51,0
V002_CARRIER,2022-08,82.7,7.8,0.72,1.483,4879,248346.8,431.02,50
V002_CARRIER,2022-09,95.0,4.2,1.28,0.669,2650,37715.9,12.13,24
V002_CARRIER,2022-10,76.4,6.0,1.43,1.776,2700,370122.4,48.1,42
V002_CARRIER,2022-11,77.6,7.1,1.35,0.283,2178,102731.0,153.36,9
V002_CARRIER,2022-12,71.1,8.3,0.31,0.672,1091,432679.0,19.96,6
V002_CARRIER,2023-01,73.8,6.2,0.19,0.359,3020,488296.3,398.36,18
V002_CARRIER,2023-02,85.8,9.8,2.52,1.751,897,80967.1,110.59,36
V002_CARRIER,2023-03,75.6,5.2,2.16,1.427,1064,10668.2,233.9,24
V002_CARRIER,2023-04,95.3,13.0,2.45,0.362,3569,174410.0,304.96,21
V002_CARRIER,2023-05,82.0,4.5,2.57,1.708,911,494540.7,304.27,48
V002_CARRIER,2023-06,75.6,12.4,2.06,1.519,4964,297348.1,240.27,16
V002_CARRIER,2023-07,90.1,1.2,0.65,1.718,2429,478184.0,406.31,3
V002_CARRIER,2023-08,82.0,2.7,0.56,0.922,4226,170973.0,395.49,24
V002_CARRIER,2023-09,83.9,6.9,1.33,0.144,1251,415756.5,160.47,49
V002_CARRIER,2023-10,81.5,11.0,0.89,0.801,4373,244676.0,379.24,35
V002_CARRIER,2023-11,86.8,9.8,2.1,0.499,2419,114040.3,305.09,42
V002_CARRIER,2023-12,93.2,2.3,0.85,2.208,1022,347524.8,257.33,21
V002_CARRIER,2024-01,78.2,9.2,2.35,1.076,3646,43849.8,61.65,13
V002_CARRIER,2024-02,98.8,11.5,1.05,0.726,2006,470784.9,271.72,35
V002_CARRIER,2024-03,84.4,4.5,1.44,1.651,209,259960.2,139.45,43
V002_CARRIER,2024-04,79.3,3.0,2.71,1.627,1438,231618.3,369.45,12
V002_CARRIER,2024-05,73.4,1.5,1.7,1.879,727,427780.9,335.21,29
V002_CARRIER,2024-06,81.5,5.3,3.33,1.321,1347,268337.5,185.31,35
V002_CARRIER,2024-07,95.0,6.0,2.74,2.251,724,77179.5,451.12,24
V002_CARRIER,2024-08,81.8,8.7,2.28,2.294,3585,175054.9,491.3,40
V002_CARRIER,2024-09,86.1,3.5,1.12,2.043,1406,368694.6,171.96,22
V002_CARRIER,2024-10,81.3,6.7,2.99,0.212,4175,255582.5,43.24,49
V002_CARRIER,2024-11,78.3,9.7,2.8,1.778,4562,159004.5,153.91,47
V002_CARRIER,2024-12,94.2,3.6,1.19,0.619,3509,408986.1,237.07,2
V003_CARRIER,2022-01,82.3,7.2,1.39,1.475,272,330239.1,24.58,26
V003_CARRIER,2022-02,97.4,4.9,0.7,1.262,2423,84146.0,377.88,35
V003_CARRIER,2022-03,84.2,8.5,0.16,2.186,1459,472220.0,336.5,23
V003_CARRIER,2022-04,91.7,3.7,0.28,2.301,1205,406816.4,169.42,2
V003_CARRIER,2022-05,87.3,9.6,3.2,1.733,1047,477899.2,471.37,19
V003_CARRIER,2022-06,95.7,7.6,3.48,0.649,922,224091.3,41.93,24
V003_CARRIER,2022-07,93.2,4.4,3.45,0.434,4618,122900.0,94.06,37
V003_CARRIER,2022-08,75.9,7.0,3.05,1.784,3576,96636.2,472.95,29
V003_CARRIER,2022-09,86.9,6.3,1.05,0.336,3781,379897.9,109.37,49
V003_CARRIER,2022-10,78.0,3.3,1.5,2.253,3041,43124.4,183.11,10
V003_CARRIER,2022-11,77.4,9.3,0.21,0.902,3204,259580.0,132.8,9
V003_CARRIER,2022-12,91.1,5.4,1.91,0.884,1928,243569.4,434.53,20
V003_CARRIER,2023-01,80.0,8.8,1.06,2.298,4628,357873.1,20.82,6
V003_CARRIER,2023-02,89.8,13.1,0.47,0.092,4449,23152.1,42.7,17
V003_CARRIER,2023-03,85.3,13.9,1.85,1.658,3356,307902.0,490.45,33
V003_CARRIER,2023-04,95.6,7.5,0.62,1.024,3371,407114.8,335.53,25
V003_CARRIER,2023-05,74.9,11.8,2.85,1.627,3733,164282.5,332.85,9
V003_CARRIER,2023-06,76.7,2.7,2.35,1.628,3496,404851.8,204.62,48
V003_CARRIER,2023-07,92.3,8.0,0.4,2.043,1701,380686.1,193.44,26
V003_CARRIER,2023-08,74.9,7.3,1.5,0.366,1296,85018.7,459.85,4
V003_CARRIER,2023-09,93.8,13.0,1.04,0.476,2490,415443.4,380.63,14
V003_CARRIER,2023-10,94.7,10.4,2.19,0.242,4992,301177.9,151.32,2
V003_CARRIER,2023-11,82.9,3.0,0.84,0.638,2960,456526.9,251.94,23
V003_CARRIER,2023-12,87.0,5.9,2.49,2.448,382,173048.6,117.32,33
V003_CARRIER,2024-01,88.0,12.7,0.16,0.991,4617,355243.4,17.91,39
V003_CARRIER,2024-02,78.3,2.3,0.46,0.376,1833,494879.9,339.69,4
V003_CARRIER,2024-03,81.7,11.9,0.4,1.149,545,178236.0,461.38,31
V003_CARRIER,2024-04,75.0,6.2,3.46,1.696,3990,487507.1,58.07,48
V003_CARRIER,2024-05,73.7,6.2,3.08,2.288,1214,205137.8,116.42,22
V003_CARRIER,2024-06,90.8,5.0,0.88,2.418,1857,378594.3,165.8,34
V003_CARRIER,2024-07,98.9,12.0,0.8,0.213,2517,194165.9,444.47,17
V003_CARRIER,2024-08,73.5,11.5,0.81,1.05,4486,137998.4,294.2,0
V003_CARRIER,2024-09,95.9,8.4,3.18,0.563,458,128182.1,141.54,17
V003_CARRIER,2024-10,78.2,5.3,1.53,0.324,3502,289669.5,71.75,34
V003_CARRIER,2024-11,85.3,13.1,2.42,1.002,3121,364949.3,96.86,24
V003_CARRIER,2024-12,87.5,5.3,0.47,1.299,3619,16628.6,443.7,17
V004_CARRIER,2022-01,92.8,3.2,0.23,0.641,2560,286248.4,430.19,45
V004_CARRIER,2022-02,78.4,9.4,2.75,0.521,3711,232114.2,243.58,6
V004_CARRIER,2022-03,82.9,12.2,3.22,0.07,257,436300.9,482.65,23
V004_CARRIER,2022-04,97.0,5.8,0.94,0.368,1702,494366.8,233.67,5
V004_CARRIER,2022-05,73.4,8.5,2.38,2.068,4004,189462.5,231.0,37
V004_CARRIER,2022-06,89.0,6.0,2.9,1.541,4230,205185.2,18.81,23
V004_CARRIER,2022-07,93.5,8.9,3.37,0.127,4451,159587.7,344.17,38
V004_CARRIER,2022-08,95.0,10.4,1.38,2.197,842,461554.1,165.93,30
V004_CARRIER,2022-09,93.0,1.8,0.26,1.027,2736,91115.6,474.04,12
V004_CARRIER,2022-10,78.3,5.9,0.66,2.395,133,478669.2,166.49,46
V004_CARRIER,2022-11,77.5,11.8,1.14,1.823,571,367582.7,276.11,40
V004_CARRIER,2022-12,83.9,10.6,1.35,2.469,3716,61295.2,228.22,39
V004_CARRIER,2023-01,70.1,9.7,0.87,0.672,2862,82399.5,173.25,15
V004_CARRIER,2023-02,90.5,11.6,0.56,1.827,569,379424.4,36.05,21
V004_CARRIER,2023-03,90.9,1.0,2.37,2.171,1208,150396.7,141.75,35
V004_CARRIER,2023-04,80.6,2.8,1.54,1.692,4885,20344.1,416.03,28
V004_CARRIER,2023-05,70.4,2.6,0.89,2.076,4621,337754.6,277.49,49
V004_CARRIER,2023-06,77.8,9.2,1.02,0.473,1787,161608.4,420.94,14
V004_CARRIER,2023-07,96.2,7.6,0.41,2.426,3249,131457.6,242.46,47
V004_CARRIER,2023-08,72.1,3.9,2.68,0.799,698,83703.3,45.67,37
V004_CARRIER,2023-09,86.2,11.3,3.04,1.003,2377,470269.4,422.48,45
V004_CARRIER,2023-10,73.8,8.1,0.98,1.751,4505,368188.1,256.19,21
V004_CARRIER,2023-11,91.1,3.6,2.22,0.355,888,448417.5,375.63,7
V004_CARRIER,2023-12,73.0,12.7,1.0,2.482,4244,190197.5,178.64,12
V004_CARRIER,2024-01,77.4,8.9,2.27,1.205,3324,18422.6,292.21,14
V004_CARRIER,2024-02,82.9,7.9,0.64,0.411,2250,341860.9,487.72,48
V004_CARRIER,2024-03,95.9,6.0,1.21,1.798,4079,65547.6,206.77,33
V004_CARRIER,2024-04,88.1,13.1,1.09,0.105,654,161036.7,301.51,17
V004_CARRIER,2024-05,96.7,7.6,0.67,0.23,2748,321169.1,224.63,39
V004_CARRIER,2024-06,73.9,10.4,0.23,1.596,1826,196924.9,302.04,2
V004_CARRIER,2024-07,87.0,5.9,3.26,2.37,1905,188798.1,261.3,47
V004_CARRIER,2024-08,90.2,3.7,1.18,0.505,1277,474075.9,372.26,18
V004_CARRIER,2024-09,71.7,4.6,0.13,1.639,183,340827.4,85.44,49
V004_CARRIER,2024-10,94.3,12.5,2.8,1.765,1082,340818.9,483.82,22
V004_CARRIER,2024-11,71.4,3.5,1.3,2.024,2207,416367.1,170.66,14
V004_CARRIER,2024-12,73.9,6.0,2.16,0.346,2458,126018.8,362.4,2
V005_CARRIER,2022-01,74.8,12.9,3.07,1.62,4283,81657.9,422.42,15
V005_CARRIER,2022-02,91.5,14.0,2.1,1.772,2008,34171.1,459.23,3
V005_CARRIER,2022-03,94.1,4.4,0.72,0.496,3620,48613.1,31.32,31
V005_CARRIER,2022-04,77.2,5.9,2.08,2.465,4759,173769.3,462.67,42
V005_CARRIER,2022-05,84.6,1.8,0.94,1.669,1094,464507.7,299.87,31
V005_CARRIER,2022-06,97.2,11.9,0.24,2.313,4228,35722.5,91.13,34
V005_CARRIER,2022-07,73.7,1.9,3.31,0.326,2714,428058.3,68.46,27
V005_CARRIER,2022-08,71.9,2.5,2.03,1.645,3795,499901.1,450.9,21
V005_CARRIER,2022-09,84.7,11.0,2.4,1.747,880,256344.5,274.01,32
V005_CARRIER,2022-10,85.5,8.7,0.28,0.08,2717,178406.2,37.31,18
V005_CARRIER,2022-11,73.1,4.0,1.57,2.432,1389,75672.0,121.77,12
V005_CARRIER,2022-12,78.5,6.4,1.95,1.276,1980,190150.7,330.51,34
V005_CARRIER,2023-01,95.8,5.0,2.92,0.093,1927,123483.5,366.93,38
V005_CARRIER,2023-02,75.7,4.7,3.15,0.118,3205,147238.3,347.17,8
V005_CARRIER,2023-03,71.2,3.9,1.4,1.323,2811,364703.0,227.26,0
V005_CARRIER,2023-04,84.5,4.9,0.15,0.093,1012,240024.8,337.56,45
V005_CARRIER,2023-05,86.6,10.4,2.22,1.314,2856,229727.9,429.48,22
V005_CARRIER,2023-06,98.4,8.5,2.52,1.313,2925,474842.7,420.86,20
V005_CARRIER,2023-07,73.2,1.5,1.35,1.038,4279,304677.4,40.8,2
V005_CARRIER,2023-08,76.2,10.8,2.87,2.342,3476,33351.6,225.98,34
V005_CARRIER,2023-09,87.6,2.5,1.4,0.24,1955,463313.2,467.89,30
V005_CARRIER,2023-10,90.9,11.4,1.09,1.647,2778,43984.8,278.13,48
V005_CARRIER,2023-11,96.4,7.2,3.08,0.282,366,81431.2,429.21,10
V005_CARRIER,2023-12,96.2,11.0,3.15,1.087,632,453532.9,170.09,40
V005_CARRIER,2024-01,87.9,10.6,2.15,1.679,4236,347229.8,306.57,47
V005_CARRIER,2024-02,90.2,10.5,3.44,2.255,4883,441058.2,425.12,13
V005_CARRIER,2024-03,75.8,11.8,0.36,2.313,2337,28018.1,150.4,7
V005_CARRIER,2024-04,99.0,6.8,1.4,2.196,409,390272.7,117.06,39
V005_CARRIER,2024-05,77.3,5.0,0.7,1.753,565,7156.8,13.85,14
V005_CARRIER,2024-06,70.9,7.7,2.5,0.925,272,86326.9,134.76,9
V005_CARRIER,2024-07,96.1,2.5,0.68,1.442,1879,83093.5,47.06,41
V005_CARRIER,2024-08,79.5,6.1,3.35,0.773,4833,163946.1,19.84,1
V005_CARRIER,2024-09,79.1,9.8,1.6,2.334,3957,388410.8,166.5,31
V005_CARRIER,2024-10,91.7,10.0,1.67,1.615,4330,159701.2,151.18,11
V005_CARRIER,2024-11,98.9,10.1,0.74,0.376,4776,49218.6,353.67,38
V005_CARRIER,2024-12,84.2,12.3,1.55,1.454,3546,34688.1,301.07,2
V006_CARRIER,2022-01,82.6,6.0,3.21,1.228,1521,225024.2,113.08,9
V006_CARRIER,2022-02,83.5,5.4,0.84,1.08,2921,114287.0,357.92,25
V006_CARRIER,2022-03,88.4,9.9,2.01,0.093,3636,114214.7,233.99,39
V006_CARRIER,2022-04,82.6,5.9,3.1,1.564,2678,251201.3,414.06,4
V006_CARRIER,2022-05,89.5,5.1,1.4,1.406,896,173012.1,155.63,24
V006_CARRIER,2022-06,90.9,5.3,1.22,1.795,4647,408271.1,179.15,20
V006_CARRIER,2022-07,86.7,3.5,0.84,0.556,691,173532.8,417.93,5
V006_CARRIER,2022-08,98.5,13.8,2.11,1.367,3872,476520.3,66.26,38
V006_CARRIER,2022-09,90.1,12.4,2.9,1.311,2009,381111.5,319.47,31
V006_CARRIER,2022-10,85.6,4.3,0.93,1.426,3010,359357.9,38.17,36
V006_CARRIER,2022-11,92.5,8.0,1.43,0.969,1221,177020.2,285.43,19
V006_CARRIER,2022-12,93.0,10.0,0.67,2.147,2167,400684.9,204.65,15
V006_CARRIER,2023-01,92.3,3.6,1.73,2.08,3419,186971.7,79.2,48
V006_CARRIER,2023-02,87.7,6.9,1.78,1.778,2781,354187.0,58.83,6
V006_CARRIER,2023-03,88.8,4.3,2.83,2.23,3345,117029.2,121.77,7
V006_CARRIER,2023-04,83.8,6.3,2.47,0.912,1210,66051.2,193.93,30
V006_CARRIER,2023-05,89.0,10.0,1.37,2.302,4710,301331.5,150.85,23
V006_CARRIER,2023-06,91.5,2.7,3.29,2.397,2643,144067.3,220.66,17
V006_CARRIER,2023-07,77.3,9.4,2.65,1.645,3069,347191.3,259.09,28
V006_CARRIER,2023-08,96.7,5.3,3.31,0.938,1528,274495.9,329.07,38
V006_CARRIER,2023-09,94.5,2.6,3.25,1.53,3410,441349.3,369.72,49
V006_CARRIER,2023-10,90.3,8.2,0.82,1.583,723,152264.5,229.71,30
V006_CARRIER,2023-11,75.6,4.8,1.05,1.382,3498,88587.7,448.47,7
V006_CARRIER,2023-12,98.9,8.4,3.11,2.062,2872,266672.1,169.2,29
V006_CARRIER,2024-01,86.7,10.0,2.36,1.73,653,487616.5,306.58,26
V006_CARRIER,2024-02,92.7,9.7,0.82,2.406,3689,396268.2,88.88,16
V006_CARRIER,2024-03,75.8,4.7,0.96,0.908,2333,100098.3,454.49,45
V006_CARRIER,2024-04,70.6,9.7,3.21,0.938,582,300690.8,397.67,36
V006_CARRIER,2024-05,82.9,3.2,1.01,0.603,3526,115959.7,418.38,35
V006_CARRIER,2024-06,88.8,13.3,0.92,1.071,3738,191311.6,20.62,38
V006_CARRIER,2024-07,77.5,5.2,2.48,0.834,4091,95036.2,154.23,3
V006_CARRIER,2024-08,86.3,6.3,1.26,0.089,4180,160293.7,428.54,8
V006_CARRIER,2024-09,84.3,10.2,2.35,1.636,2612,309943.8,329.83,6
V006_CARRIER,2024-10,82.9,4.0,1.92,1.74,4764,440235.6,386.08,22
V006_CARRIER,2024-11,87.6,3.9,3.14,0.325,126,395342.0,305.24,4
V006_CARRIER,2024-12,97.1,11.5,3.22,1.628,1272,6810.6,137.32,26
V007_CARRIER,2022-01,78.1,13.0,0.69,0.153,1084,211273.1,145.79,49
V007_CARRIER,2022-02,71.0,2.0,3.17,1.274,1998,416393.5,437.71,16
V007_CARRIER,2022-03,94.3,8.1,3.23,0.814,4783,63881.9,356.25,34
V007_CARRIER,2022-04,73.9,12.2,1.51,1.306,759,209237.5,311.17,36
V007_CARRIER,2022-05,82.7,3.5,1.09,1.919,2415,153150.1,94.9,46
V007_CARRIER,2022-06,89.9,5.2,1.74,0.838,3428,341504.8,440.34,7
V007_CARRIER,2022-07,82.7,5.6,1.19,1.069,3342,388481.5,107.5,14
V007_CARRIER,2022-08,80.7,6.3,1.91,2.281,2629,5966.5,158.79,20
V007_CARRIER,2022-09,92.2,2.7,3.48,1.346,2346,320540.3,289.1,11
V007_CARRIER,2022-10,89.1,10.4,2.16,1.622,1229,265406.9,495.84,32
V007_CARRIER,2022-11,81.2,11.2,1.48,0.837,2744,39034.4,235.94,3
V007_CARRIER,2022-12,74.4,3.5,1.35,1.771,113,77747.2,389.88,1
V007_CARRIER,2023-01,89.8,11.9,2.23,0.332,4444,416773.6,498.42,13
V007_CARRIER,2023-02,81.5,8.6,2.61,1.623,4072,489767.9,416.99,29
V007_CARRIER,2023-03,79.4,4.9,3.08,0.081,1542,39851.3,416.56,36
V007_CARRIER,2023-04,96.4,10.6,1.02,2.031,3989,479296.6,432.6,18
V007_CARRIER,2023-05,80.3,13.4,0.7,2.098,1045,478375.0,495.76,5
V007_CARRIER,2023-06,80.2,1.4,0.98,0.597,649,372843.2,348.76,12
V007_CARRIER,2023-07,87.5,13.7,1.98,0.052,1547,484628.1,458.64,43
V007_CARRIER,2023-08,85.1,4.0,3.14,2.37,282,191761.6,189.71,10
V007_CARRIER,2023-09,70.6,4.2,1.77,1.971,578,157538.4,203.8,49
V007_CARRIER,2023-10,76.2,12.4,0.6,1.65,2115,296799.8,254.79,16
V007_CARRIER,2023-11,75.7,4.6,1.57,0.162,598,272314.7,449.21,4
V007_CARRIER,2023-12,81.5,12.9,0.7,0.405,106,452813.0,255.12,26
V007_CARRIER,2024-01,97.0,13.0,2.33,1.221,4517,6251.2,306.46,30
V007_CARRIER,2024-02,71.2,5.3,1.06,1.705,3253,120001.3,56.78,33
V007_CARRIER,2024-03,84.0,13.1,2.41,1.242,2201,294056.2,75.49,32
V007_CARRIER,2024-04,70.6,7.8,2.61,2.045,3920,458226.3,164.07,1
V007_CARRIER,2024-05,95.0,3.0,2.21,2.201,4939,150109.3,107.44,8
V007_CARRIER,2024-06,87.0,6.7,2.28,1.16,1149,77583.5,361.13,40
V007_CARRIER,2024-07,92.3,12.2,0.33,2.472,922,98073.9,191.87,33
V007_CARRIER,2024-08,72.3,7.8,2.59,0.814,1137,267409.8,50.62,15
V007_CARRIER,2024-09,91.4,13.8,1.93,1.63,1666,125154.2,469.31,8
V007_CARRIER,2024-10,96.7,12.4,1.3,2.48,677,179734.9,36.75,13
V007_CARRIER,2024-11,89.1,11.3,1.85,1.396,4018,2651.7,282.74,25
V007_CARRIER,2024-12,95.7,14.0,0.58,2.081,1276,452608.1,398.7,22
V008_CARRIER,2022-01,86.3,2.1,0.25,1.257,3000,431593.0,454.87,39
V008_CARRIER,2022-02,89.4,12.4,0.17,0.614,528,401276.3,67.65,30
V008_CARRIER,2022-03,73.9,3.3,1.5,1.282,163,252332.7,233.67,8
V008_CARRIER,2022-04,70.8,4.5,1.4,2.115,3826,352424.3,343.3,31
V008_CARRIER,2022-05,86.1,11.4,0.18,0.171,1533,12270.8,65.82,28
V008_CARRIER,2022-06,73.3,8.9,1.62,2.108,4845,85734.2,263.17,6
V008_CARRIER,2022-07,77.7,2.7,1.99,2.26,4572,344137.3,281.57,8
V008_CARRIER,2022-08,76.9,11.6,2.98,1.671,4934,384934.1,83.84,13
V008_CARRIER,2022-09,72.2,1.5,3.34,0.581,3501,460688.5,34.91,9
V008_CARRIER,2022-10,78.2,7.1,1.98,1.245,2438,59119.1,68.78,34
V008_CARRIER,2022-11,79.0,3.2,2.25,1.17,2223,394958.6,303.21,23
V008_CARRIER,2022-12,97.4,4.5,0.41,1.214,288,17540.2,381.32,24
V008_CARRIER,2023-01,97.0,9.3,2.52,1.852,2957,420237.9,424.36,10
V008_CARRIER,2023-02,96.3,7.8,2.52,0.728,3140,122597.8,438.23,32
V008_CARRIER,2023-03,76.0,6.2,1.94,0.874,450,38567.3,338.49,47
V008_CARRIER,2023-04,76.4,1.6,2.7,0.353,4373,50386.8,438.53,21
V008_CARRIER,2023-05,81.4,6.1,1.45,0.06,3977,344633.2,450.8,44
V008_CARRIER,2023-06,71.0,10.7,2.09,2.058,4744,51410.4,148.19,49
V008_CARRIER,2023-07,85.8,6.6,1.62,1.223,4630,23378.8,390.36,50
V008_CARRIER,2023-08,80.8,1.4,1.41,2.275,4043,378031.9,386.41,34
V008_CARRIER,2023-09,97.1,12.5,1.94,2.224,755,417319.1,361.85,31
V008_CARRIER,2023-10,72.3,3.0,1.03,1.618,1958,346844.1,241.53,20
V008_CARRIER,2023-11,94.9,1.2,0.37,0.862,3261,186883.4,323.02,5
V008_CARRIER,2023-12,84.5,11.5,0.17,2.468,2078,11717.8,11.03,20
V008_CARRIER,2024-01,74.9,10.8,1.34,0.291,2714,349671.1,34.51,1
V008_CARRIER,2024-02,72.6,2.3,2.84,1.353,2730,112970.6,449.76,34
V008_CARRIER,2024-03,88.2,12.3,0.19,1.949,3682,79336.5,71.03,48
V008_CARRIER,2024-04,83.8,2.9,2.04,1.014,4185,426178.4,378.36,50
V008_CARRIER,2024-05,89.0,9.5,1.53,2.419,2723,72780.5,266.79,25
V008_CARRIER,2024-06,81.0,3.1,1.72,1.899,2052,179260.6,403.91,23
V008_CARRIER,2024-07,80.3,12.4,1.28,2.194,1109,57443.8,247.97,21
V008_CARRIER,2024-08,84.9,4.7,2.44,1.515,2547,443842.0,132.38,39
V008_CARRIER,2024-09,76.0,8.6,3.04,2.058,2065,442737.8,12.99,11
V008_CARRIER,2024-10,85.1,13.9,2.03,0.505,1347,288114.4,370.51,5
V008_CARRIER,2024-11,92.5,5.3,2.64,0.867,2879,335949.9,164.54,5
V008_CARRIER,2024-12,77.6,2.6,0.91,0.626,4867,164924.3,367.49,49
V009_CARRIER,2022-01,78.9,9.4,3.43,0.627,1461,370081.7,481.95,38
V009_CARRIER,2022-02,70.2,11.5,1.16,1.377,2681,4171.1,407.79,48
V009_CARRIER,2022-03,83.1,9.0,2.82,0.279,1236,105494.2,79.22,22
V009_CARRIER,2022-04,71.4,4.6,1.52,2.102,2931,298201.8,263.82,45
V009_CARRIER,2022-05,88.3,10.8,1.45,1.705,1855,325808.1,43.16,18
V009_CARRIER,2022-06,96.2,13.5,2.16,2.475,3074,124481.6,103.85,11
V009_CARRIER,2022-07,90.5,9.1,2.28,1.072,4620,74877.6,263.68,34
V009_CARRIER,2022-08,77.8,13.1,2.85,0.263,4192,452666.8,288.53,24
V009_CARRIER,2022-09,83.8,7.1,2.66,1.853,3182,291655.5,366.64,4
V009_CARRIER,2022-10,70.8,9.3,2.05,2.287,574,415612.8,86.89,46
V009_CARRIER,2022-11,70.2,9.7,1.02,2.428,4286,174975.2,172.2,25
V009_CARRIER,2022-12,84.9,5.0,1.96,0.156,2143,289733.1,351.29,15
V009_CARRIER,2023-01,91.7,7.1,2.65,0.996,1489,237928.1,231.07,30
V009_CARRIER,2023-02,75.2,11.6,0.31,0.138,1017,249653.3,62.13,35
V009_CARRIER,2023-03,92.2,7.8,1.81,1.989,1571,32365.5,13.67,3
V009_CARRIER,2023-04,78.6,13.6,1.04,1.665,3766,447032.4,475.23,37
V009_CARRIER,2023-05,71.5,5.8,1.18,0.635,3995,465958.9,136.84,33
V009_CARRIER,2023-06,70.5,5.3,3.13,0.722,777,106092.7,40.54,9
V009_CARRIER,2023-07,80.7,7.4,0.35,2.234,4213,45172.6,462.84,26
V009_CARRIER,2023-08,92.6,12.1,3.24,0.554,763,184330.8,308.94,7
V009_CARRIER,2023-09,89.0,2.7,1.28,2.489,1024,453146.8,415.5,5
V009_CARRIER,2023-10,97.8,4.1,0.39,0.747,4477,280665.1,197.83,4
V009_CARRIER,2023-11,81.1,13.3,1.41,1.513,1829,99664.9,409.72,35
V009_CARRIER,2023-12,89.2,4.9,1.04,0.733,4571,126111.9,209.92,46
V009_CARRIER,2024-01,76.2,11.6,1.86,1.862,2014,126923.1,98.2,16
V009_CARRIER,2024-02,82.8,5.4,1.97,2.222,2792,69545.6,410.32,47
V009_CARRIER,2024-03,78.6,11.8,3.06,1.198,951,268469.5,428.37,48
V009_CARRIER,2024-04,97.3,8.2,2.46,1.857,3951,405973.7,43.54,40
V009_CARRIER,2024-05,97.5,11.3,0.77,2.201,4536,101615.3,324.9,15
V009_CARRIER,2024-06,79.5,13.2,2.79,1.397,2724,30128.2,159.18,22
V009_CARRIER,2024-07,97.4,4.8,1.5,0.632,1078,492702.9,179.12,38
V009_CARRIER,2024-08,87.3,12.3,2.29,0.671,1985,321480.1,122.06,38
V009_CARRIER,2024-09,84.3,6.9,2.59,2.389,4274,55090.4,87.2,29
V009_CARRIER,2024-10,80.4,11.2,2.1,1.742,2828,304820.5,366.68,16
V009_CARRIER,2024-11,96.9,6.7,2.06,0.353,1261,439506.1,341.88,35
V009_CARRIER,2024-12,75.9,7.1,0.28,0.393,3581,401258.8,233.13,36
V010_CARRIER,2022-01,71.8,12.9,3.31,1.615,2103,308233.0,194.49,14
V010_CARRIER,2022-02,84.9,3.8,3.0,1.4,4774,362142.8,189.68,4
V010_CARRIER,2022-03,98.4,12.5,0.55,0.216,528,110967.0,234.49,26
V010_CARRIER,2022-04,75.4,5.6,2.2,1.304,4333,405535.7,293.31,16
V010_CARRIER,2022-05,76.0,1.3,3.11,2.498,3039,481508.1,145.25,4
V010_CARRIER,2022-06,82.8,4.5,3.02,0.857,210,234470.2,269.67,28
V010_CARRIER,2022-07,82.4,7.4,1.21,2.234,1377,374738.6,365.83,14
V010_CARRIER,2022-08,87.7,11.9,2.17,0.389,2920,243589.3,195.21,42
V010_CARRIER,2022-09,80.5,13.6,1.97,0.206,1633,499551.0,21.51,17
V010_CARRIER,2022-10,79.7,4.3,3.0,1.763,3864,135610.5,51.65,45
V010_CARRIER,2022-11,79.6,2.4,1.79,2.397,3394,214020.5,403.96,47
V010_CARRIER,2022-12,91.3,13.3,2.26,0.688,97,265773.6,433.38,26
V010_CARRIER,2023-01,71.6,5.3,0.21,2.191,2755,368841.1,300.22,34
V010_CARRIER,2023-02,79.1,9.6,2.09,1.896,4719,464817.4,58.86,50
V010_CARRIER,2023-03,81.1,10.9,1.81,2.345,4716,45403.0,361.18,6
V010_CARRIER,2023-04,79.2,10.8,2.24,2.459,4950,381496.3,177.81,41
V010_CARRIER,2023-05,80.5,11.4,0.73,0.196,3132,218265.4,449.15,48
V010_CARRIER,2023-06,92.2,10.9,3.45,0.674,4497,280205.2,397.26,12
V010_CARRIER,2023-07,91.0,13.4,2.97,1.43,4775,92103.7,457.63,17
V010_CARRIER,2023-08,76.6,1.5,0.25,1.867,4149,33361.4,107.43,7
V010_CARRIER,2023-09,75.4,1.6,1.7,0.333,1722,334103.6,187.12,5
V010_CARRIER,2023-10,76.0,12.5,0.84,0.241,1976,470000.7,374.96,23
V010_CARRIER,2023-11,72.1,3.6,0.66,0.495,2941,496060.5,114.71,25
V010_CARRIER,2023-12,91.2,6.2,1.03,1.078,144,231970.6,438.22,9
V010_CARRIER,2024-01,97.9,8.8,0.98,2.382,535,77665.3,397.38,34
V010_CARRIER,2024-02,74.1,4.3,3.29,0.347,2205,212640.5,24.34,39
V010_CARRIER,2024-03,98.8,1.6,3.48,1.892,3818,14158.3,71.22,17
V010_CARRIER,2024-04,93.4,3.6,1.79,0.891,3815,153280.3,231.59,50
V010_CARRIER,2024-05,92.7,1.5,2.52,2.217,2793,255963.1,180.84,22
V010_CARRIER,2024-06,94.8,13.6,3.03,1.598,2029,205983.1,154.5,27
V010_CARRIER,2024-07,85.8,3.5,2.3,2.047,1226,362254.3,208.73,49
V010_CARRIER,2024-08,75.8,12.0,1.54,2.341,4082,212176.2,70.39,42
V010_CARRIER,2024-09,87.7,1.1,1.73,1.338,2157,491791.4,159.53,44
V010_CARRIER,2024-10,82.6,12.0,1.55,0.29,386,264506.7,81.48,6
V010_CARRIER,2024-11,80.4,6.8,1.87,1.001,2413,397651.0,192.38,9
V010_CARRIER,2024-12,87.3,13.3,2.29,1.195,2784,130116.6,199.84,23
V011_CARRIER,2022-01,81.2,5.8,0.86,0.976,1061,258871.6,336.28,4
V011_CARRIER,2022-02,81.1,4.7,3.1,1.983,4158,254176.1,337.62,6
V011_CARRIER,2022-03,84.3,7.3,1.77,1.77,421,402406.1,183.1,42
V011_CARRIER,2022-04,93.8,6.4,3.32,1.316,4706,54925.2,98.25,44
V011_CARRIER,2022-05,71.6,2.1,1.78,0.422,4424,65354.0,159.25,19
V011_CARRIER,2022-06,94.4,1.3,2.53,1.62,1230,37705.4,480.62,42
V011_CARRIER,2022-07,78.9,8.6,3.4,1.506,2518,136810.4,422.44,27
V011_CARRIER,2022-08,74.4,3.1,2.82,0.97,3838,277843.6,393.51,35
V011_CARRIER,2022-09,93.6,8.2,1.71,0.218,4592,10968.6,339.78,39
V011_CARRIER,2022-10,92.4,13.2,1.06,1.405,563,331641.6,129.2,50
V011_CARRIER,2022-11,87.5,12.0,1.29,0.536,3450,43911.5,178.81,47
V011_CARRIER,2022-12,93.1,10.9,2.56,0.655,4740,123158.3,179.49,43
V011_CARRIER,2023-01,98.6,12.9,0.66,1.982,201,378286.7,428.22,43
V011_CARRIER,2023-02,86.1,8.8,0.77,1.519,4666,158955.4,316.13,25
V011_CARRIER,2023-03,78.2,9.0,1.91,0.148,3675,488327.2,38.86,3
V011_CARRIER,2023-04,84.7,6.3,2.97,1.559,691,215960.8,315.97,40
V011_CARRIER,2023-05,97.3,9.1,1.35,1.797,182,464888.3,351.72,21
V011_CARRIER,2023-06,75.4,10.1,1.65,1.552,4569,268784.2,79.5,9
V011_CARRIER,2023-07,91.6,11.4,3.34,2.356,3335,303218.1,185.19,34
V011_CARRIER,2023-08,76.8,5.2,2.21,1.854,1783,423539.8,235.2,46
V011_CARRIER,2023-09,91.4,9.2,2.67,1.595,312,73942.1,479.77,14
V011_CARRIER,2023-10,88.0,2.8,1.25,0.316,3286,385007.1,364.57,32
V011_CARRIER,2023-11,98.6,11.6,3.27,0.771,725,118844.1,481.21,13
V011_CARRIER,2023-12,72.1,4.6,2.87,1.405,1444,332596.6,34.52,41
V011_CARRIER,2024-01,97.1,6.5,0.18,1.541,580,490037.2,262.32,5
V011_CARRIER,2024-02,89.3,3.9,2.45,1.924,1468,416359.0,86.37,43
V011_CARRIER,2024-03,97.8,10.0,2.02,0.801,4070,445616.5,353.02,30
V011_CARRIER,2024-04,85.3,3.3,2.23,0.675,1138,431739.3,192.4,46
V011_CARRIER,2024-05,90.8,10.7,3.32,1.998,668,4298.3,384.59,47
V011_CARRIER,2024-06,88.6,4.8,2.02,1.266,762,307605.0,40.07,22
V011_CARRIER,2024-07,77.2,10.0,0.67,2.449,379,381061.5,138.96,27
V011_CARRIER,2024-08,77.2,3.6,0.14,1.212,1143,334504.8,285.33,9
V011_CARRIER,2024-09,95.7,5.4,1.41,1.176,4956,122234.0,206.69,1
V011_CARRIER,2024-10,80.9,8.3,1.75,1.997,1416,88073.8,416.01,13
V011_CARRIER,2024-11,87.9,2.3,3.41,1.194,2218,105983.5,24.47,26
V011_CARRIER,2024-12,89.3,5.9,0.26,0.849,4222,403411.5,248.19,43
V012_CARRIER,2022-01,90.8,3.1,1.74,2.084,517,265833.8,399.67,25
V012_CARRIER,2022-02,82.3,11.2,2.08,1.379,4558,339634.0,483.78,19
V012_CARRIER,2022-03,91.1,7.7,2.5,0.797,1234,79234.5,246.16,42
V012_CARRIER,2022-04,79.4,11.2,1.29,1.012,4693,30312.7,368.24,41
V012_CARRIER,2022-05,75.6,7.5,1.94,0.993,2062,185581.8,211.63,34
V012_CARRIER,2022-06,81.2,4.1,1.98,1.478,3678,371318.2,160.43,22
V012_CARRIER,2022-07,89.4,6.8,0.13,0.312,1080,380575.3,406.63,12
V012_CARRIER,2022-08,89.1,11.9,0.96,1.729,3521,180786.6,468.77,6
V012_CARRIER,2022-09,73.2,7.4,2.61,0.799,2633,465588.8,448.12,24
V012_CARRIER,2022-10,92.7,3.5,2.22,1.739,1585,7285.4,387.56,30
V012_CARRIER,2022-11,73.2,1.0,0.21,1.333,4366,213159.4,137.2,23
V012_CARRIER,2022-12,89.1,12.0,0.4,0.499,4569,255366.5,479.15,17
V012_CARRIER,2023-01,77.9,2.0,0.68,0.825,3572,8250.7,216.85,29
V012_CARRIER,2023-02,97.1,10.2,1.37,0.569,3907,462574.7,330.82,20
V012_CARRIER,2023-03,76.6,9.2,1.56,0.374,1195,448537.8,224.24,7
V012_CARRIER,2023-04,88.1,3.3,0.16,1.039,2932,295353.8,63.85,37
V012_CARRIER,2023-05,85.5,3.3,0.45,0.123,3489,99304.5,238.38,22
V012_CARRIER,2023-06,96.9,8.9,0.11,0.811,4818,114065.0,79.3,40
V012_CARRIER,2023-07,91.3,12.2,0.7,1.89,1236,331062.1,308.21,9
V012_CARRIER,2023-08,89.8,3.6,0.1,0.611,4234,492338.7,98.4,42
V012_CARRIER,2023-09,96.5,8.0,2.66,0.87,195,426480.5,42.33,8
V012_CARRIER,2023-10,88.1,5.9,1.84,0.077,309,22480.7,115.26,18
V012_CARRIER,2023-11,85.6,10.4,2.84,2.063,4989,370329.5,460.61,47
V012_CARRIER,2023-12,78.2,10.8,0.53,1.237,1938,97441.3,290.23,32
V012_CARRIER,2024-01,97.8,7.7,0.46,2.018,3359,92052.2,406.6,26
V012_CARRIER,2024-02,70.2,6.2,2.74,1.415,4807,224647.7,109.83,4
V012_CARRIER,2024-03,80.4,11.4,1.53,1.874,2930,326430.9,322.88,1
V012_CARRIER,2024-04,85.2,9.1,0.46,1.392,592,281478.2,358.64,8
V012_CARRIER,2024-05,84.9,3.1,3.18,0.712,2837,240411.3,124.35,5
V012_CARRIER,2024-06,74.0,4.0,2.44,2.183,4505,48875.5,344.97,1
V012_CARRIER,2024-07,75.5,1.2,0.18,0.883,3682,132899.3,116.34,7
V012_CARRIER,2024-08,93.9,11.6,2.87,1.142,4758,324522.5,396.68,27
V012_CARRIER,2024-09,95.4,4.4,0.27,1.492,1957,490742.3,172.09,11
V012_CARRIER,2024-10,77.0,11.8,2.12,2.329,1666,190137.2,358.09,11
V012_CARRIER,2024-11,89.8,11.2,1.7,1.823,2465,129326.2,261.82,7
V012_CARRIER,2024-12,76.4,2.6,0.1,1.209,4261,142841.3,168.61,36
V013_CARRIER,2022-01,97.2,8.4,3.11,0.794,2288,293314.8,177.66,2
V013_CARRIER,2022-02,89.1,12.8,0.92,1.489,3066,45841.4,296.26,8
V013_CARRIER,2022-03,70.5,10.3,1.47,0.747,2926,345776.8,405.4,12
V013_CARRIER,2022-04,96.3,13.8,3.25,0.727,228,304968.8,82.57,12
V013_CARRIER,2022-05,97.9,12.3,1.72,2.308,1562,388159.5,463.38,23
V013_CARRIER,2022-06,96.9,13.6,0.62,1.783,2826,104894.1,115.33,2
V013_CARRIER,2022-07,94.3,4.2,2.66,2.204,545,354817.3,324.83,18
V013_CARRIER,2022-08,95.7,12.0,2.36,0.899,1044,330558.8,231.54,23
V013_CARRIER,2022-09,95.7,11.8,1.22,1.654,4696,492345.1,399.59,44
V013_CARRIER,2022-10,84.8,5.1,2.92,1.348,4335,123960.9,473.62,17
V013_CARRIER,2022-11,97.9,7.4,2.08,1.361,1222,36435.6,130.27,27
V013_CARRIER,2022-12,76.7,8.4,0.22,0.277,1574,310232.0,485.12,39
V013_CARRIER,2023-01,75.0,4.7,1.16,1.357,4165,401779.4,351.71,1
V013_CARRIER,2023-02,79.8,9.4,0.34,1.284,1058,185533.6,347.53,22
V013_CARRIER,2023-03,86.4,7.9,2.11,1.681,2249,121077.9,403.42,42
V013_CARRIER,2023-04,85.0,3.1,0.41,2.273,1006,328329.8,360.64,15
V013_CARRIER,2023-05,95.5,9.8,2.64,1.386,3678,494948.9,471.08,26
V013_CARRIER,2023-06,94.1,7.4,0.44,1.496,387,93616.1,301.92,24
V013_CARRIER,2023-07,98.4,13.2,1.93,1.236,3575,422886.1,280.18,34
V013_CARRIER,2023-08,73.5,13.0,1.07,1.108,1327,336411.7,394.5,37
V013_CARRIER,2023-09,78.8,1.5,0.44,2.108,3597,454789.4,161.32,25
V013_CARRIER,2023-10,96.1,11.1,2.65,0.476,1635,445091.0,94.18,49
V013_CARRIER,2023-11,86.1,12.9,0.99,1.018,3007,382105.8,493.39,11
V013_CARRIER,2023-12,91.7,12.8,1.55,1.923,4236,277173.3,425.98,42
V013_CARRIER,2024-01,88.0,5.7,1.43,2.2,2727,146787.3,15.06,7
V013_CARRIER,2024-02,82.1,11.6,1.96,1.764,2611,10770.1,216.23,37
V013_CARRIER,2024-03,96.1,1.7,0.65,1.534,4763,47289.6,395.99,15
V013_CARRIER,2024-04,72.5,8.8,2.51,0.934,3076,191450.5,276.56,3
V013_CARRIER,2024-05,94.3,9.6,2.12,1.676,4454,156303.6,414.01,38
V013_CARRIER,2024-06,97.3,4.4,2.08,1.293,1511,490835.5,101.59,29
V013_CARRIER,2024-07,92.7,11.6,0.17,0.407,3811,476182.9,324.67,43
V013_CARRIER,2024-08,81.5,13.3,2.38,2.094,3267,225497.1,133.08,41
V013_CARRIER,2024-09,83.6,5.3,0.75,0.72,471,477408.6,495.47,9
V013_CARRIER,2024-10,90.1,14.0,3.02,2.489,2900,308970.9,369.11,43
V013_CARRIER,2024-11,83.4,10.8,1.46,0.649,1980,303849.7,80.08,38
V013_CARRIER,2024-12,77.8,9.6,0.18,1.728,1049,346405.6,400.36,17
V014_CARRIER,2022-01,72.7,6.9,1.52,2.294,1342,152725.6,314.68,24
V014_CARRIER,2022-02,79.6,6.5,2.99,1.359,2324,355342.9,427.07,40
V014_CARRIER,2022-03,71.2,9.8,1.44,1.433,4561,276013.3,330.42,23
V014_CARRIER,2022-04,93.4,9.0,3.4,1.846,1804,434229.1,159.9,46
V014_CARRIER,2022-05,87.1,1.3,0.99,2.093,1062,425780.1,320.49,5
V014_CARRIER,2022-06,89.4,1.9,0.56,2.254,4164,350390.4,339.51,45
V014_CARRIER,2022-07,90.3,13.3,3.34,1.706,2367,9904.9,107.1,49
V014_CARRIER,2022-08,80.5,4.3,1.41,1.044,4959,257277.0,18.62,47
V014_CARRIER,2022-09,95.0,2.6,0.57,1.54,4727,5964.0,474.99,44
V014_CARRIER,2022-10,84.3,1.5,1.22,0.784,3669,220146.7,89.4,45
V014_CARRIER,2022-11,77.9,12.7,2.52,1.036,4915,204140.7,463.29,33
V014_CARRIER,2022-12,73.2,12.0,1.48,1.684,4205,105730.2,479.82,11
V014_CARRIER,2023-01,94.2,9.8,0.51,2.195,3982,160758.5,39.28,10
V014_CARRIER,2023-02,79.4,10.8,0.43,1.946,4075,314243.1,270.78,39
V014_CARRIER,2023-03,71.1,3.4,1.84,1.979,2721,63761.1,228.28,8
V014_CARRIER,2023-04,72.5,6.6,2.19,1.38,3192,258245.3,159.05,44
V014_CARRIER,2023-05,97.7,3.7,2.8,2.373,431,359652.0,477.64,34
V014_CARRIER,2023-06,98.2,6.0,1.47,1.507,1559,166863.0,98.09,30
V014_CARRIER,2023-07,80.1,13.5,1.28,0.688,4922,17669.2,417.58,11
V014_CARRIER,2023-08,81.2,11.3,2.43,1.178,190,74137.9,481.71,45
V014_CARRIER,2023-09,70.1,10.9,0.4,0.313,365,410347.5,96.63,27
V014_CARRIER,2023-10,75.7,2.5,2.84,0.173,4328,458233.5,221.44,3
V014_CARRIER,2023-11,84.4,10.8,0.37,1.88,3108,229621.7,40.41,30
V014_CARRIER,2023-12,93.3,8.8,2.88,0.659,2261,335324.9,286.54,4
V014_CARRIER,2024-01,97.7,13.7,3.22,1.558,369,479991.3,451.84,27
V014_CARRIER,2024-02,83.9,7.9,2.19,0.349,3119,96741.3,79.31,49
V014_CARRIER,2024-03,83.1,11.5,2.02,1.873,3101,442395.8,189.19,44
V014_CARRIER,2024-04,97.7,12.6,1.85,1.669,1456,12001.8,369.52,7
V014_CARRIER,2024-05,88.5,10.0,1.91,0.558,950,101745.7,198.42,16
V014_CARRIER,2024-06,74.4,9.6,1.09,1.688,3937,426388.5,372.71,21
V014_CARRIER,2024-07,88.5,4.9,3.18,1.748,1154,61694.7,225.5,22
V014_CARRIER,2024-08,89.0,5.2,1.06,0.912,1293,107702.8,37.06,37
V014_CARRIER,2024-09,82.2,3.4,2.91,0.409,3651,71467.5,463.66,1
V014_CARRIER,2024-10,86.4,5.7,0.8,1.52,3045,62291.4,320.58,5
V014_CARRIER,2024-11,96.8,4.8,0.47,0.537,1766,457881.9,385.91,9
V014_CARRIER,2024-12,85.1,13.5,0.84,1.977,4014,103810.3,380.25,27
V015_CARRIER,2022-01,95.2,7.0,1.24,0.419,1298,421416.3,74.68,38
V015_CARRIER,2022-02,78.3,8.4,3.19,0.099,921,176705.2,474.51,0
V015_CARRIER,2022-03,94.2,4.8,0.12,0.195,1073,215541.0,391.05,35
V015_CARRIER,2022-04,98.0,13.4,2.22,0.467,575,477701.5,277.74,21
V015_CARRIER,2022-05,85.7,5.4,2.49,1.449,2883,473202.8,431.6,4
V015_CARRIER,2022-06,89.5,2.6,3.28,0.793,4290,444728.3,237.32,10
V015_CARRIER,2022-07,76.9,1.2,3.42,1.626,4075,346289.6,78.07,11
V015_CARRIER,2022-08,80.2,7.3,0.18,0.481,4669,40400.6,466.63,46
V015_CARRIER,2022-09,75.3,11.8,0.24,1.592,1245,278937.5,44.51,30
V015_CARRIER,2022-10,83.3,5.9,0.56,1.404,549,193622.5,201.62,36
V015_CARRIER,2022-11,92.7,2.1,2.49,0.555,2155,19744.4,398.7,5
V015_CARRIER,2022-12,70.8,8.1,3.38,1.592,2043,57061.2,343.23,25
V015_CARRIER,2023-01,74.9,8.1,3.02,0.78,808,486012.8,484.86,15
V015_CARRIER,2023-02,94.5,2.8,0.36,1.544,2079,100136.3,142.19,24
V015_CARRIER,2023-03,95.6,13.9,1.16,1.037,1886,65067.3,463.63,20
V015_CARRIER,2023-04,93.4,1.6,2.99,2.181,4854,155272.2,132.79,16
V015_CARRIER,2023-05,95.7,8.1,3.26,0.943,3957,453021.1,410.41,44
V015_CARRIER,2023-06,94.4,6.9,2.41,0.371,2482,261561.4,492.23,1
V015_CARRIER,2023-07,76.1,12.4,3.1,0.249,3968,370433.4,346.11,4
V015_CARRIER,2023-08,95.3,4.6,1.34,0.847,3446,346986.4,170.97,44
V015_CARRIER,2023-09,89.1,7.9,1.22,0.344,643,337888.1,272.55,12
V015_CARRIER,2023-10,91.7,10.2,0.26,2.476,3341,145672.0,18.79,46
V015_CARRIER,2023-11,77.9,4.9,1.2,1.055,2093,205952.9,177.39,16
V015_CARRIER,2023-12,88.3,10.1,1.36,0.667,1720,179345.3,370.71,36
V015_CARRIER,2024-01,84.1,10.5,1.48,1.071,862,73793.1,196.28,45
V015_CARRIER,2024-02,85.3,10.8,0.33,0.229,4510,313315.6,37.01,2
V015_CARRIER,2024-03,92.1,1.2,2.5,1.61,2049,338454.3,333.34,29
V015_CARRIER,2024-04,94.5,9.2,2.38,0.197,343,206607.6,254.45,48
V015_CARRIER,2024-05,91.2,2.2,2.33,0.512,2733,461605.4,26.27,23
V015_CARRIER,2024-06,92.4,9.5,3.0,0.6,1216,21495.1,434.46,41
V015_CARRIER,2024-07,82.6,9.3,2.98,0.114,769,177175.0,448.44,48
V015_CARRIER,2024-08,88.1,8.5,1.53,1.051,2799,354340.7,394.01,5
V015_CARRIER,2024-09,75.2,12.7,3.14,1.892,4651,232904.0,480.37,45
V015_CARRIER,2024-10,80.2,7.4,3.19,0.756,2497,458389.7,165.44,16
V015_CARRIER,2024-11,87.2,6.8,1.85,0.786,4168,207296.3,63.79,46
V015_CARRIER,2024-12,82.7,2.5,1.66,0.413,3938,52512.0,237.5,8
